Sample in Buffer,Sample in Window,TRIGGER,CLK_SEQ/ADC_IN[7:0],CLK_SEQ/trigger_threshold[3:0],CLK_SEQ/pxl_addr_next[31:0],CLK_SEQ/adc_val_prev_frame[7:0],CLK_SEQ/diff[7:0],CLK_SEQ/adc_in_buf_2[7:0],CLK_SEQ/pxl_addr[31:0],CLK_SEQ/TRIGGER_OUT
Radix - UNSIGNED,UNSIGNED,UNSIGNED,UNSIGNED,UNSIGNED,UNSIGNED,UNSIGNED,SIGNED,UNSIGNED,UNSIGNED,HEX
0,0,0,116,3,2688,115,0,115,2687,0
1,1,0,126,3,2689,116,0,116,2688,0
2,2,0,116,3,2690,126,0,126,2689,0
3,3,0,109,3,2691,115,0,116,2690,0
4,4,0,128,3,2692,108,-1,109,2691,0
5,5,0,116,3,2693,128,-1,128,2692,0
6,6,0,124,3,2694,116,0,116,2693,0
7,7,0,123,3,2695,123,0,124,2694,0
8,8,0,117,3,2696,123,-1,123,2695,0
9,9,0,111,3,2697,117,0,117,2696,0
10,10,0,114,3,2698,111,0,111,2697,0
11,11,0,109,3,2699,114,0,114,2698,0
12,12,0,102,3,2700,109,0,109,2699,0
13,13,0,109,3,2701,102,0,102,2700,0
14,14,0,112,3,2702,109,0,109,2701,0
15,15,0,116,3,2703,112,0,112,2702,0
16,16,0,110,3,2704,117,0,116,2703,0
17,17,0,121,3,2705,110,1,110,2704,0
18,18,0,119,3,2706,121,0,121,2705,0
19,19,0,129,3,2707,119,0,119,2706,0
20,20,0,120,3,2708,129,0,129,2707,0
21,21,0,125,3,2709,120,0,120,2708,0
22,22,0,117,3,2710,126,0,125,2709,0
23,23,0,125,3,2711,117,1,117,2710,0
24,24,0,124,3,2712,124,0,125,2711,0
25,25,0,126,3,2713,124,-1,124,2712,0
26,26,0,113,3,2714,126,0,126,2713,0
27,27,0,122,3,2715,113,0,113,2714,0
28,28,0,117,3,2716,122,0,122,2715,0
29,29,0,125,3,2717,117,0,117,2716,0
30,30,0,125,3,2718,125,0,125,2717,0
31,31,1,129,3,2719,125,0,125,2718,0
32,32,0,128,3,2720,129,0,129,2719,0
33,33,0,121,3,2721,129,0,128,2720,0
34,34,0,123,3,2722,121,1,121,2721,0
35,35,0,106,3,2723,123,0,123,2722,0
36,36,0,132,3,2724,106,0,106,2723,0
37,37,0,115,3,2725,132,0,132,2724,0
38,38,0,125,3,2726,115,0,115,2725,0
39,39,0,109,3,2727,125,0,125,2726,0
40,40,0,113,3,2728,109,0,109,2727,0
41,41,0,121,3,2729,113,0,113,2728,0
42,42,0,118,3,2730,121,0,121,2729,0
43,43,0,123,3,2731,118,0,118,2730,0
44,44,0,129,3,2732,123,0,123,2731,0
45,45,0,111,3,2733,130,0,129,2732,0
46,46,0,109,3,2734,111,1,111,2733,0
47,47,0,99,3,2735,109,0,109,2734,0
48,48,0,124,3,2736,99,0,99,2735,0
49,49,0,124,3,2737,124,0,124,2736,0
50,50,0,103,3,2738,123,0,124,2737,0
51,51,0,122,3,2739,104,-1,103,2738,0
52,52,0,127,3,2740,122,1,122,2739,0
53,53,0,119,3,2741,128,0,127,2740,0
54,54,0,125,3,2742,119,1,119,2741,0
55,55,0,110,3,2743,126,0,125,2742,0
56,56,0,126,3,2744,110,1,110,2743,0
57,57,0,119,3,2745,126,0,126,2744,0
58,58,0,119,3,2746,119,0,119,2745,0
59,59,0,117,3,2747,118,0,119,2746,0
60,60,0,122,3,2748,117,-1,117,2747,0
61,61,0,113,3,2749,122,0,122,2748,0
62,62,0,125,3,2750,113,0,113,2749,0
63,63,0,120,3,2751,125,0,125,2750,0
64,64,0,126,3,2752,120,0,120,2751,0
65,65,0,98,3,2753,127,0,126,2752,0
66,66,0,118,3,2754,98,1,98,2753,0
67,67,0,114,3,2755,118,0,118,2754,0
68,68,0,118,3,2756,114,0,114,2755,0
69,69,0,127,3,2757,119,0,118,2756,0
70,70,0,112,3,2758,127,1,127,2757,0
71,71,0,122,3,2759,112,0,112,2758,0
72,72,0,124,3,2760,122,0,122,2759,0
73,73,0,116,3,2761,124,0,124,2760,0
74,74,0,124,3,2762,116,0,116,2761,0
75,75,0,111,3,2763,123,0,124,2762,0
76,76,0,123,3,2764,111,-1,111,2763,0
77,77,0,111,3,2765,122,0,123,2764,0
78,78,0,111,3,2766,111,-1,111,2765,0
79,79,0,113,3,2767,111,0,111,2766,0
80,80,0,116,3,2768,114,0,113,2767,0
81,81,0,119,3,2769,116,1,116,2768,0
82,82,0,116,3,2770,119,0,119,2769,0
83,83,0,132,3,2771,115,0,116,2770,0
84,84,0,112,3,2772,133,-1,132,2771,0
85,85,0,124,3,2773,112,1,112,2772,0
86,86,0,112,3,2774,124,0,124,2773,0
87,87,0,113,3,2775,112,0,112,2774,0
88,88,0,125,3,2776,113,0,113,2775,0
89,89,0,120,3,2777,126,0,125,2776,0
90,90,0,123,3,2778,120,1,120,2777,0
91,91,0,113,3,2779,123,0,123,2778,0
92,92,0,128,3,2780,113,0,113,2779,0
93,93,0,105,3,2781,128,0,128,2780,0
94,94,0,120,3,2782,105,0,105,2781,0
95,95,0,117,3,2783,120,0,120,2782,0
96,96,0,120,3,2784,118,0,117,2783,0
97,97,0,123,3,2785,120,1,120,2784,0
98,98,0,116,3,2786,123,0,123,2785,0
99,99,0,107,3,2787,116,0,116,2786,0
100,100,0,106,3,2788,107,0,107,2787,0
101,101,0,125,3,2789,106,0,106,2788,0
102,102,0,118,3,2790,125,0,125,2789,0
103,103,0,118,3,2791,118,0,118,2790,0
104,104,0,124,3,2792,118,0,118,2791,0
105,105,0,119,3,2793,124,0,124,2792,0
106,106,0,116,3,2794,120,0,119,2793,0
107,107,0,116,3,2795,116,1,116,2794,0
108,108,0,115,3,2796,116,0,116,2795,0
109,109,0,116,3,2797,116,0,115,2796,0
110,110,0,108,3,2798,116,1,116,2797,0
111,111,0,120,3,2799,108,0,108,2798,0
112,112,0,111,3,2800,120,0,120,2799,0
113,113,0,123,3,2801,111,0,111,2800,0
114,114,0,121,3,2802,123,0,123,2801,0
115,115,0,129,3,2803,121,0,121,2802,0
116,116,0,120,3,2804,129,0,129,2803,0
117,117,0,118,3,2805,120,0,120,2804,0
118,118,0,120,3,2806,118,0,118,2805,0
119,119,0,127,3,2807,120,0,120,2806,0
120,120,0,121,3,2808,127,0,127,2807,0
121,121,0,128,3,2809,120,0,121,2808,0
122,122,0,128,3,2810,128,-1,128,2809,0
123,123,0,119,3,2811,128,0,128,2810,0
124,124,0,118,3,2812,120,0,119,2811,0
125,125,0,123,3,2813,118,1,118,2812,0
126,126,0,127,3,2814,123,0,123,2813,0
127,127,0,120,3,2815,127,0,127,2814,0
128,128,0,113,3,2816,120,0,120,2815,0
129,129,0,122,3,2817,113,0,113,2816,0
130,130,0,122,3,2818,122,0,122,2817,0
131,131,0,112,3,2819,123,0,122,2818,0
132,132,0,114,3,2820,111,1,112,2819,0
133,133,0,126,3,2821,114,-1,114,2820,0
134,134,0,116,3,2822,126,0,126,2821,0
135,135,0,125,3,2823,116,0,116,2822,0
136,136,0,113,3,2824,125,0,125,2823,0
137,137,0,124,3,2825,113,0,113,2824,0
138,138,0,128,3,2826,123,0,124,2825,0
139,139,0,125,3,2827,128,-1,128,2826,0
140,140,0,124,3,2828,125,0,125,2827,0
141,141,0,111,3,2829,124,0,124,2828,0
142,142,0,124,3,2830,112,0,111,2829,0
143,143,0,116,3,2831,124,1,124,2830,0
144,144,0,118,3,2832,116,0,116,2831,0
145,145,0,131,3,2833,118,0,118,2832,0
146,146,0,123,3,2834,131,0,131,2833,0
147,147,0,121,3,2835,122,0,123,2834,0
148,148,0,124,3,2836,122,-1,121,2835,0
149,149,0,122,3,2837,125,1,124,2836,0
150,150,0,109,3,2838,123,1,122,2837,0
151,151,0,121,3,2839,109,1,109,2838,0
152,152,0,119,3,2840,121,0,121,2839,0
153,153,0,118,3,2841,119,0,119,2840,0
154,154,0,124,3,2842,118,0,118,2841,0
155,155,0,120,3,2843,124,0,124,2842,0
156,156,0,116,3,2844,120,0,120,2843,0
157,157,0,111,3,2845,116,0,116,2844,0
158,158,0,112,3,2846,112,0,111,2845,0
159,159,0,121,3,2847,112,1,112,2846,0
160,160,0,120,3,2848,121,0,121,2847,0
161,161,0,137,3,2849,120,0,120,2848,0
162,162,0,117,3,2850,137,0,137,2849,0
163,163,0,114,3,2851,117,0,117,2850,0
164,164,0,120,3,2852,114,0,114,2851,0
165,165,0,117,3,2853,120,0,120,2852,0
166,166,0,120,3,2854,117,0,117,2853,0
167,167,0,124,3,2855,120,0,120,2854,0
168,168,0,120,3,2856,124,0,124,2855,0
169,169,0,111,3,2857,120,0,120,2856,0
170,170,0,123,3,2858,112,0,111,2857,0
171,171,0,123,3,2859,123,1,123,2858,0
172,172,0,119,3,2860,123,0,123,2859,0
173,173,0,125,3,2861,119,0,119,2860,0
174,174,0,119,3,2862,126,0,125,2861,0
175,175,0,117,3,2863,118,1,119,2862,0
176,176,0,110,3,2864,117,-1,117,2863,0
177,177,0,110,3,2865,110,0,110,2864,0
178,178,0,121,3,2866,110,0,110,2865,0
179,179,0,116,3,2867,121,0,121,2866,0
180,180,0,104,3,2868,116,0,116,2867,0
181,181,0,112,3,2869,105,0,104,2868,0
182,182,0,123,3,2870,113,1,112,2869,0
183,183,0,123,3,2871,124,1,123,2870,0
184,184,0,120,3,2872,123,1,123,2871,0
185,185,0,122,3,2873,120,0,120,2872,0
186,186,0,118,3,2874,122,0,122,2873,0
187,187,0,123,3,2875,118,0,118,2874,0
188,188,0,124,3,2876,123,0,123,2875,0
189,189,0,123,3,2877,124,0,124,2876,0
190,190,0,115,3,2878,124,0,123,2877,0
191,191,0,114,3,2879,115,1,115,2878,0
192,192,0,125,3,2880,114,0,114,2879,0
193,193,0,111,3,2881,125,0,125,2880,0
194,194,0,120,3,2882,111,0,111,2881,0
195,195,0,116,3,2883,120,0,120,2882,0
196,196,0,113,3,2884,116,0,116,2883,0
197,197,0,109,3,2885,113,0,113,2884,0
198,198,0,118,3,2886,110,0,109,2885,0
199,199,0,116,3,2887,118,1,118,2886,0
200,200,0,109,3,2888,116,0,116,2887,0
201,201,0,122,3,2889,109,0,109,2888,0
202,202,0,118,3,2890,122,0,122,2889,0
203,203,0,121,3,2891,118,0,118,2890,0
204,204,0,113,3,2892,121,0,121,2891,0
205,205,0,106,3,2893,114,0,113,2892,0
206,206,0,123,3,2894,106,1,106,2893,0
207,207,0,114,3,2895,124,0,123,2894,0
208,208,0,123,3,2896,114,1,114,2895,0
209,209,0,117,3,2897,124,0,123,2896,0
210,210,0,118,3,2898,118,1,117,2897,0
211,211,0,119,3,2899,118,1,118,2898,0
212,212,0,112,3,2900,119,0,119,2899,0
213,213,0,118,3,2901,112,0,112,2900,0
214,214,0,117,3,2902,118,0,118,2901,0
215,215,0,112,3,2903,118,0,117,2902,0
216,216,0,120,3,2904,112,1,112,2903,0
217,217,0,113,3,2905,120,0,120,2904,0
218,218,0,121,3,2906,113,0,113,2905,0
219,219,0,118,3,2907,121,0,121,2906,0
220,220,0,125,3,2908,118,0,118,2907,0
221,221,0,116,3,2909,125,0,125,2908,0
222,222,0,121,3,2910,116,0,116,2909,0
223,223,0,120,3,2911,121,0,121,2910,0
224,224,0,119,3,2912,120,0,120,2911,0
225,225,0,122,3,2913,119,0,119,2912,0
226,226,0,124,3,2914,122,0,122,2913,0
227,227,0,107,3,2915,124,0,124,2914,0
228,228,0,112,3,2916,107,0,107,2915,0
229,229,0,124,3,2917,113,0,112,2916,0
230,230,0,125,3,2918,123,1,124,2917,0
231,231,0,112,3,2919,126,-1,125,2918,0
232,232,0,120,3,2920,112,1,112,2919,0
233,233,0,112,3,2921,120,0,120,2920,0
234,234,0,126,3,2922,113,0,112,2921,0
235,235,0,125,3,2923,127,1,126,2922,0
236,236,0,118,3,2924,125,1,125,2923,0
237,237,0,127,3,2925,118,0,118,2924,0
238,238,0,118,3,2926,127,0,127,2925,0
239,239,0,109,3,2927,118,0,118,2926,0
240,240,0,128,3,2928,109,0,109,2927,0
241,241,0,123,3,2929,128,0,128,2928,0
242,242,0,111,3,2930,123,0,123,2929,0
243,243,0,108,3,2931,111,0,111,2930,0
244,244,0,113,3,2932,108,0,108,2931,0
245,245,0,122,3,2933,113,0,113,2932,0
246,246,0,118,3,2934,121,0,122,2933,0
247,247,0,121,3,2935,119,-1,118,2934,0
248,248,0,112,3,2936,121,1,121,2935,0
249,249,0,125,3,2937,112,0,112,2936,0
250,250,0,118,3,2938,126,0,125,2937,0
251,251,0,118,3,2939,118,1,118,2938,0
252,252,0,124,3,2940,118,0,118,2939,0
253,253,0,131,3,2941,124,0,124,2940,0
254,254,0,127,3,2942,131,0,131,2941,0
255,255,0,121,3,2943,127,0,127,2942,0
256,256,0,127,3,2944,121,0,121,2943,0
257,257,0,114,3,2945,127,0,127,2944,0
258,258,0,121,3,2946,114,0,114,2945,0
259,259,0,118,3,2947,122,0,121,2946,0
260,260,0,127,3,2948,118,1,118,2947,0
261,261,0,112,3,2949,127,0,127,2948,0
262,262,0,118,3,2950,113,0,112,2949,0
263,263,0,129,3,2951,117,1,118,2950,0
264,264,0,116,3,2952,129,-1,129,2951,0
265,265,0,123,3,2953,115,0,116,2952,0
266,266,0,119,3,2954,123,-1,123,2953,0
267,267,0,116,3,2955,118,0,119,2954,0
268,268,0,108,3,2956,116,-1,116,2955,0
269,269,0,115,3,2957,108,0,108,2956,0
270,270,0,118,3,2958,116,0,115,2957,0
271,271,0,115,3,2959,118,1,118,2958,0
272,272,0,117,3,2960,116,0,115,2959,0
273,273,0,115,3,2961,118,1,117,2960,0
274,274,0,117,3,2962,115,1,115,2961,0
275,275,0,118,3,2963,117,0,117,2962,0
276,276,0,114,3,2964,119,0,118,2963,0
277,277,0,123,3,2965,114,1,114,2964,0
278,278,0,112,3,2966,123,0,123,2965,0
279,279,0,114,3,2967,112,0,112,2966,0
280,280,0,114,3,2968,114,0,114,2967,0
281,281,0,129,3,2969,115,0,114,2968,0
282,282,0,123,3,2970,129,1,129,2969,0
283,283,0,112,3,2971,122,0,123,2970,0
284,284,0,110,3,2972,112,-1,112,2971,0
285,285,0,109,3,2973,110,0,110,2972,0
286,286,0,118,3,2974,109,0,109,2973,0
287,287,0,125,3,2975,118,0,118,2974,0
288,288,0,124,3,2976,125,0,125,2975,0
289,289,0,112,3,2977,124,0,124,2976,0
290,290,0,121,3,2978,112,0,112,2977,0
291,291,0,107,3,2979,121,0,121,2978,0
292,292,0,120,3,2980,107,0,107,2979,0
293,293,0,115,3,2981,120,0,120,2980,0
294,294,0,113,3,2982,116,0,115,2981,0
295,295,0,127,3,2983,112,1,113,2982,0
296,296,0,122,3,2984,127,-1,127,2983,0
297,297,0,116,3,2985,122,0,122,2984,0
298,298,0,130,3,2986,116,0,116,2985,0
299,299,0,116,3,2987,130,0,130,2986,0
300,300,0,114,3,2988,116,0,116,2987,0
301,301,0,114,3,2989,114,0,114,2988,0
302,302,0,121,3,2990,114,0,114,2989,0
303,303,0,113,3,2991,121,0,121,2990,0
304,304,0,119,3,2992,112,0,113,2991,0
305,305,0,118,3,2993,119,-1,119,2992,0
306,306,0,112,3,2994,118,0,118,2993,0
307,307,0,122,3,2995,112,0,112,2994,0
308,308,0,105,3,2996,121,0,122,2995,0
309,309,0,110,3,2997,105,-1,105,2996,0
310,310,0,120,3,2998,110,0,110,2997,0
311,311,0,118,3,2999,119,0,120,2998,0
312,312,0,114,3,3000,119,-1,118,2999,0
313,313,0,115,3,3001,114,1,114,3000,0
314,314,0,113,3,3002,115,0,115,3001,0
315,315,0,107,3,3003,113,0,113,3002,0
316,316,0,120,3,3004,107,0,107,3003,0
317,317,0,120,3,3005,120,0,120,3004,0
318,318,0,112,3,3006,120,0,120,3005,0
319,319,0,127,3,3007,112,0,112,3006,0
320,320,0,122,3,3008,127,0,127,3007,0
321,321,0,112,3,3009,121,0,122,3008,0
322,322,0,115,3,3010,112,-1,112,3009,0
323,323,0,129,3,3011,114,0,115,3010,0
324,324,0,116,3,3012,129,-1,129,3011,0
325,325,0,126,3,3013,116,0,116,3012,0
326,326,0,115,3,3014,126,0,126,3013,0
327,327,0,113,3,3015,115,0,115,3014,0
328,328,0,124,3,3016,113,0,113,3015,0
329,329,0,118,3,3017,124,0,124,3016,0
330,330,0,121,3,3018,118,0,118,3017,0
331,331,0,128,3,3019,121,0,121,3018,0
332,332,0,113,3,3020,128,0,128,3019,0
333,333,0,123,3,3021,113,0,113,3020,0
334,334,0,111,3,3022,124,0,123,3021,0
335,335,0,112,3,3023,110,1,111,3022,0
336,336,0,114,3,3024,112,-1,112,3023,0
337,337,0,121,3,3025,115,0,114,3024,0
338,338,0,118,3,3026,121,1,121,3025,0
339,339,0,111,3,3027,118,0,118,3026,0
340,340,0,125,3,3028,111,0,111,3027,0
341,341,0,105,3,3029,125,0,125,3028,0
342,342,0,109,3,3030,105,0,105,3029,0
343,343,0,109,3,3031,109,0,109,3030,0
344,344,0,104,3,3032,109,0,109,3031,0
345,345,0,123,3,3033,104,0,104,3032,0
346,346,0,113,3,3034,123,0,123,3033,0
347,347,0,120,3,3035,114,0,113,3034,0
348,348,0,109,3,3036,120,1,120,3035,0
349,349,0,120,3,3037,110,0,109,3036,0
350,350,0,130,3,3038,121,1,120,3037,0
351,351,0,116,3,3039,130,1,130,3038,0
352,352,0,113,3,3040,117,0,116,3039,0
353,353,0,123,3,3041,113,1,113,3040,0
354,354,0,124,3,3042,122,0,123,3041,0
355,355,0,128,3,3043,125,-1,124,3042,0
356,356,0,120,3,3044,129,1,128,3043,0
357,357,0,111,3,3045,120,1,120,3044,0
358,358,0,125,3,3046,112,0,111,3045,0
359,359,0,123,3,3047,125,1,125,3046,0
360,360,0,109,3,3048,123,0,123,3047,0
361,361,0,129,3,3049,109,0,109,3048,0
362,362,0,109,3,3050,129,0,129,3049,0
363,363,0,116,3,3051,108,0,109,3050,0
364,364,0,124,3,3052,116,-1,116,3051,0
365,365,0,120,3,3053,124,0,124,3052,0
366,366,0,110,3,3054,120,0,120,3053,0
367,367,0,125,3,3055,110,0,110,3054,0
368,368,0,125,3,3056,126,0,125,3055,0
369,369,0,109,3,3057,125,1,125,3056,0
370,370,0,123,3,3058,109,0,109,3057,0
371,371,0,118,3,3059,123,0,123,3058,0
372,372,0,109,3,3060,118,0,118,3059,0
373,373,0,116,3,3061,109,0,109,3060,0
374,374,0,121,3,3062,117,0,116,3061,0
375,375,0,119,3,3063,121,1,121,3062,0
376,376,0,103,3,3064,120,0,119,3063,0
377,377,0,107,3,3065,103,1,103,3064,0
378,378,0,115,3,3066,107,0,107,3065,0
379,379,0,113,3,3067,116,0,115,3066,0
380,380,0,119,3,3068,114,1,113,3067,0
381,381,0,118,3,3069,118,1,119,3068,0
382,382,0,126,3,3070,117,-1,118,3069,0
383,383,0,112,3,3071,126,-1,126,3070,0
384,384,0,117,3,3072,112,0,112,3071,0
385,385,0,130,3,3073,117,0,117,3072,0
386,386,0,122,3,3074,130,0,130,3073,0
387,387,0,118,3,3075,122,0,122,3074,0
388,388,0,115,3,3076,118,0,118,3075,0
389,389,0,117,3,3077,115,0,115,3076,0
390,390,0,120,3,3078,117,0,117,3077,0
391,391,0,108,3,3079,120,0,120,3078,0
392,392,0,115,3,3080,108,0,108,3079,0
393,393,0,114,3,3081,114,0,115,3080,0
394,394,0,118,3,3082,114,-1,114,3081,0
395,395,0,107,3,3083,119,0,118,3082,0
396,396,0,112,3,3084,107,1,107,3083,0
397,397,0,114,3,3085,112,0,112,3084,0
398,398,0,120,3,3086,114,0,114,3085,0
399,399,0,112,3,3087,120,0,120,3086,0
400,400,0,124,3,3088,113,0,112,3087,0
401,401,0,123,3,3089,125,1,124,3088,0
402,402,0,124,3,3090,123,1,123,3089,0
403,403,0,108,3,3091,124,0,124,3090,0
404,404,0,125,3,3092,109,0,108,3091,0
405,405,0,115,3,3093,126,1,125,3092,0
406,406,0,126,3,3094,115,1,115,3093,0
407,407,0,110,3,3095,126,0,126,3094,0
408,408,0,129,3,3096,110,0,110,3095,0
409,409,0,111,3,3097,129,0,129,3096,0
410,410,0,112,3,3098,112,0,111,3097,0
411,411,0,118,3,3099,113,1,112,3098,0
412,412,0,110,3,3100,118,1,118,3099,0
413,413,0,112,3,3101,110,0,110,3100,0
414,414,0,111,3,3102,113,0,112,3101,0
415,415,0,118,3,3103,110,1,111,3102,0
416,416,0,116,3,3104,118,-1,118,3103,0
417,417,0,112,3,3105,117,0,116,3104,0
418,418,0,118,3,3106,113,1,112,3105,0
419,419,0,108,3,3107,117,1,118,3106,0
420,420,0,116,3,3108,108,-1,108,3107,0
421,421,0,113,3,3109,116,0,116,3108,0
422,422,0,118,3,3110,113,0,113,3109,0
423,423,0,110,3,3111,118,0,118,3110,0
424,424,0,119,3,3112,111,0,110,3111,0
425,425,0,126,3,3113,119,1,119,3112,0
426,426,0,122,3,3114,126,0,126,3113,0
427,427,0,111,3,3115,122,0,122,3114,0
428,428,0,119,3,3116,111,0,111,3115,0
429,429,0,127,3,3117,119,0,119,3116,0
430,430,0,118,3,3118,127,0,127,3117,0
431,431,0,119,3,3119,118,0,118,3118,0
432,432,0,131,3,3120,118,0,119,3119,0
433,433,0,117,3,3121,131,-1,131,3120,0
434,434,0,115,3,3122,117,0,117,3121,0
435,435,0,116,3,3123,116,0,115,3122,0
436,436,0,116,3,3124,116,1,116,3123,0
437,437,0,123,3,3125,115,0,116,3124,0
438,438,0,122,3,3126,124,-1,123,3125,0
439,439,0,113,3,3127,123,1,122,3126,0
440,440,0,122,3,3128,113,1,113,3127,0
441,441,0,122,3,3129,122,0,122,3128,0
442,442,0,119,3,3130,123,0,122,3129,0
443,443,0,117,3,3131,119,1,119,3130,0
444,444,0,100,3,3132,117,0,117,3131,0
445,445,0,123,3,3133,100,0,100,3132,0
446,446,0,125,3,3134,123,0,123,3133,0
447,447,0,131,3,3135,125,0,125,3134,0
448,448,0,125,3,3136,131,0,131,3135,0
449,449,0,121,3,3137,125,0,125,3136,0
450,450,0,122,3,3138,122,0,121,3137,0
451,451,0,126,3,3139,122,1,122,3138,0
452,452,0,122,3,3140,126,0,126,3139,0
453,453,0,115,3,3141,122,0,122,3140,0
454,454,0,119,3,3142,115,0,115,3141,0
455,455,0,117,3,3143,119,0,119,3142,0
456,456,0,121,3,3144,117,0,117,3143,0
457,457,0,127,3,3145,122,0,121,3144,0
458,458,0,111,3,3146,128,1,127,3145,0
459,459,0,116,3,3147,112,1,111,3146,0
460,460,0,108,3,3148,116,1,116,3147,0
461,461,0,122,3,3149,108,0,108,3148,0
462,462,0,116,3,3150,122,0,122,3149,0
463,463,0,122,3,3151,117,0,116,3150,0
464,464,0,119,3,3152,122,1,122,3151,0
465,465,0,117,3,3153,119,0,119,3152,0
466,466,0,118,3,3154,118,0,117,3153,0
467,467,0,118,3,3155,118,1,118,3154,0
468,468,0,110,3,3156,118,0,118,3155,0
469,469,0,122,3,3157,111,0,110,3156,0
470,470,0,117,3,3158,123,1,122,3157,0
471,471,0,128,3,3159,117,1,117,3158,0
472,472,0,124,3,3160,128,0,128,3159,0
473,473,0,110,3,3161,125,0,124,3160,0
474,474,0,121,3,3162,110,1,110,3161,0
475,475,0,116,3,3163,122,0,121,3162,0
476,476,0,121,3,3164,116,1,116,3163,0
477,477,0,108,3,3165,120,0,121,3164,0
478,478,0,112,3,3166,107,-1,108,3165,0
479,479,0,114,3,3167,112,-1,112,3166,0
480,480,0,124,3,3168,114,0,114,3167,0
481,481,0,116,3,3169,124,0,124,3168,0
482,482,0,121,3,3170,116,0,116,3169,0
483,483,0,121,3,3171,120,0,121,3170,0
484,484,0,134,3,3172,121,-1,121,3171,0
485,485,0,113,3,3173,134,0,134,3172,0
486,486,0,114,3,3174,112,0,113,3173,0
487,487,0,113,3,3175,115,-1,114,3174,0
488,488,0,121,3,3176,113,1,113,3175,0
489,489,0,121,3,3177,122,0,121,3176,0
490,490,0,117,3,3178,121,1,121,3177,0
491,491,0,111,3,3179,117,0,117,3178,0
492,492,0,112,3,3180,111,0,111,3179,0
493,493,0,127,3,3181,112,0,112,3180,0
494,494,0,115,3,3182,127,0,127,3181,0
495,495,0,105,3,3183,115,0,115,3182,0
496,496,0,126,3,3184,105,0,105,3183,0
497,497,0,116,3,3185,126,0,126,3184,0
498,498,0,120,3,3186,116,0,116,3185,0
499,499,0,118,3,3187,121,0,120,3186,0
500,500,0,120,3,3188,118,1,118,3187,0
501,501,0,118,3,3189,120,0,120,3188,0
502,502,0,116,3,3190,118,0,118,3189,0
503,503,0,120,3,3191,116,0,116,3190,0
504,504,0,120,3,3192,120,0,120,3191,0
505,505,0,114,3,3193,120,0,120,3192,0
506,506,0,116,3,3194,114,0,114,3193,0
507,507,0,123,3,3195,117,0,116,3194,0
508,508,0,110,3,3196,123,1,123,3195,0
509,509,0,115,3,3197,110,0,110,3196,0
510,510,0,118,3,3198,116,0,115,3197,0
511,511,0,116,3,3199,118,1,118,3198,0
512,512,0,120,3,3200,116,0,116,3199,0
513,513,0,116,3,3201,120,0,120,3200,0
514,514,0,121,3,3202,116,0,116,3201,0
515,515,0,125,3,3203,121,0,121,3202,0
516,516,0,121,3,3204,125,0,125,3203,0
517,517,0,118,3,3205,122,0,121,3204,0
518,518,0,114,3,3206,118,1,118,3205,0
519,519,0,121,3,3207,114,0,114,3206,0
520,520,0,127,3,3208,121,0,121,3207,0
521,521,0,112,3,3209,127,0,127,3208,0
522,522,0,125,3,3210,113,0,112,3209,0
523,523,0,118,3,3211,125,1,125,3210,0
524,524,0,114,3,3212,118,0,118,3211,0
525,525,0,120,3,3213,114,0,114,3212,0
526,526,0,128,3,3214,120,0,120,3213,0
527,527,0,123,3,3215,128,0,128,3214,0
528,528,0,132,3,3216,124,0,123,3215,0
529,529,0,117,3,3217,132,1,132,3216,0
530,530,0,121,3,3218,117,0,117,3217,0
531,531,0,120,3,3219,122,0,121,3218,0
532,532,0,114,3,3220,120,1,120,3219,0
533,533,0,118,3,3221,115,0,114,3220,0
534,534,0,105,3,3222,118,1,118,3221,0
535,535,0,115,3,3223,105,0,105,3222,0
536,536,0,126,3,3224,116,0,115,3223,0
537,537,0,120,3,3225,126,1,126,3224,0
538,538,0,121,3,3226,120,0,120,3225,0
539,539,0,113,3,3227,121,0,121,3226,0
540,540,0,127,3,3228,113,0,113,3227,0
541,541,0,121,3,3229,127,0,127,3228,0
542,542,0,124,3,3230,120,0,121,3229,0
543,543,0,116,3,3231,124,-1,124,3230,0
544,544,0,117,3,3232,117,0,116,3231,0
545,545,0,120,3,3233,117,1,117,3232,0
546,546,0,119,3,3234,121,0,120,3233,0
547,547,0,103,3,3235,119,1,119,3234,0
548,548,0,127,3,3236,104,0,103,3235,0
549,549,0,119,3,3237,127,1,127,3236,0
550,550,0,120,3,3238,119,0,119,3237,0
551,551,0,118,3,3239,119,0,120,3238,0
552,552,0,122,3,3240,118,-1,118,3239,0
553,553,0,115,3,3241,121,0,122,3240,0
554,554,0,116,3,3242,114,-1,115,3241,0
555,555,0,119,3,3243,116,-1,116,3242,0
556,556,0,124,3,3244,118,0,119,3243,0
557,557,0,116,3,3245,124,-1,124,3244,0
558,558,0,118,3,3246,116,0,116,3245,0
559,559,0,121,3,3247,118,0,118,3246,0
560,560,0,120,3,3248,122,0,121,3247,0
561,561,0,127,3,3249,120,1,120,3248,0
562,562,0,115,3,3250,126,0,127,3249,0
563,563,0,112,3,3251,116,-1,115,3250,0
564,564,0,120,3,3252,113,1,112,3251,0
565,565,0,128,3,3253,120,1,120,3252,0
566,566,0,124,3,3254,129,0,128,3253,0
567,567,0,116,3,3255,124,1,124,3254,0
568,568,0,116,3,3256,116,0,116,3255,0
569,569,0,118,3,3257,116,0,116,3256,0
570,570,0,104,3,3258,118,0,118,3257,0
571,571,0,121,3,3259,103,0,104,3258,0
572,572,0,122,3,3260,121,-1,121,3259,0
573,573,0,121,3,3261,122,0,122,3260,0
574,574,0,121,3,3262,121,0,121,3261,0
575,575,0,122,3,3263,121,0,121,3262,0
576,576,0,115,3,3264,122,0,122,3263,0
577,577,0,113,3,3265,115,0,115,3264,0
578,578,0,125,3,3266,113,0,113,3265,0
579,579,0,114,3,3267,125,0,125,3266,0
580,580,0,112,3,3268,114,0,114,3267,0
581,581,0,114,3,3269,112,0,112,3268,0
582,582,0,115,3,3270,114,0,114,3269,0
583,583,0,116,3,3271,115,0,115,3270,0
584,584,0,115,3,3272,115,0,116,3271,0
585,585,0,114,3,3273,115,-1,115,3272,0
586,586,0,116,3,3274,114,0,114,3273,0
587,587,0,124,3,3275,116,0,116,3274,0
588,588,0,118,3,3276,124,0,124,3275,0
589,589,0,105,3,3277,118,0,118,3276,0
590,590,0,113,3,3278,105,0,105,3277,0
591,591,0,119,3,3279,113,0,113,3278,0
592,592,0,124,3,3280,119,0,119,3279,0
593,593,0,121,3,3281,124,0,124,3280,0
594,594,0,119,3,3282,121,0,121,3281,0
595,595,0,123,3,3283,120,0,119,3282,0
596,596,0,124,3,3284,123,1,123,3283,0
597,597,0,118,3,3285,124,0,124,3284,0
598,598,0,121,3,3286,118,0,118,3285,0
599,599,0,110,3,3287,123,0,121,3286,0
600,600,0,120,3,3288,110,2,110,3287,0
601,601,0,132,3,3289,120,0,120,3288,0
602,602,0,123,3,3290,132,0,132,3289,0
603,603,0,117,3,3291,124,0,123,3290,0
604,604,0,128,3,3292,117,1,117,3291,0
605,605,0,116,3,3293,129,0,128,3292,0
606,606,0,128,3,3294,116,1,116,3293,0
607,607,0,116,3,3295,128,0,128,3294,0
608,608,0,116,3,3296,116,0,116,3295,0
609,609,0,113,3,3297,117,0,116,3296,0
610,610,0,131,3,3298,114,1,113,3297,0
611,611,0,115,3,3299,131,1,131,3298,0
612,612,0,111,3,3300,115,0,115,3299,0
613,613,0,118,3,3301,111,0,111,3300,0
614,614,0,131,3,3302,118,0,118,3301,0
615,615,0,120,3,3303,132,0,131,3302,0
616,616,0,114,3,3304,120,1,120,3303,0
617,617,0,119,3,3305,114,0,114,3304,0
618,618,0,116,3,3306,119,0,119,3305,0
619,619,0,124,3,3307,116,0,116,3306,0
620,620,0,122,3,3308,124,0,124,3307,0
621,621,0,111,3,3309,122,0,122,3308,0
622,622,0,125,3,3310,111,0,111,3309,0
623,623,0,121,3,3311,126,0,125,3310,0
624,624,0,109,3,3312,121,1,121,3311,0
625,625,0,107,3,3313,110,0,109,3312,0
626,626,0,118,3,3314,107,1,107,3313,0
627,627,0,121,3,3315,118,0,118,3314,0
628,628,0,129,3,3316,122,0,121,3315,0
629,629,0,123,3,3317,128,1,129,3316,0
630,630,0,119,3,3318,123,-1,123,3317,0
631,631,0,123,3,3319,119,0,119,3318,0
632,632,0,113,3,3320,123,0,123,3319,0
633,633,0,125,3,3321,113,0,113,3320,0
634,634,0,125,3,3322,125,0,125,3321,0
635,635,0,104,3,3323,125,0,125,3322,0
636,636,0,107,3,3324,104,0,104,3323,0
637,637,0,112,3,3325,108,0,107,3324,0
638,638,0,120,3,3326,112,1,112,3325,0
639,639,0,119,3,3327,120,0,120,3326,0
640,640,0,108,3,3328,119,0,119,3327,0
641,641,0,109,3,3329,108,0,108,3328,0
642,642,0,123,3,3330,108,0,109,3329,0
643,643,0,131,3,3331,123,-1,123,3330,0
644,644,0,122,3,3332,132,0,131,3331,0
645,645,0,118,3,3333,122,1,122,3332,0
646,646,0,122,3,3334,119,0,118,3333,0
647,647,0,110,3,3335,121,1,122,3334,0
648,648,0,109,3,3336,110,-1,110,3335,0
649,649,0,119,3,3337,109,0,109,3336,0
650,650,0,125,3,3338,119,0,119,3337,0
651,651,0,120,3,3339,125,0,125,3338,0
652,652,0,118,3,3340,120,0,120,3339,0
653,653,0,116,3,3341,117,0,118,3340,0
654,654,0,118,3,3342,117,-1,116,3341,0
655,655,0,121,3,3343,118,1,118,3342,0
656,656,0,115,3,3344,121,0,121,3343,0
657,657,0,118,3,3345,114,0,115,3344,0
658,658,0,121,3,3346,118,-1,118,3345,0
659,659,0,119,3,3347,121,0,121,3346,0
660,660,0,116,3,3348,119,0,119,3347,0
661,661,0,111,3,3349,116,0,116,3348,0
662,662,0,121,3,3350,111,0,111,3349,0
663,663,0,129,3,3351,122,0,121,3350,0
664,664,0,125,3,3352,129,1,129,3351,0
665,665,0,123,3,3353,126,0,125,3352,0
666,666,0,116,3,3354,123,1,123,3353,0
667,667,0,120,3,3355,116,0,116,3354,0
668,668,0,116,3,3356,120,0,120,3355,0
669,669,0,127,3,3357,117,0,116,3356,0
670,670,0,118,3,3358,127,1,127,3357,0
671,671,0,114,3,3359,118,0,118,3358,0
672,672,0,122,3,3360,114,0,114,3359,0
673,673,0,128,3,3361,122,0,122,3360,0
674,674,0,109,3,3362,129,0,128,3361,0
675,675,0,114,3,3363,109,1,109,3362,0
676,676,0,122,3,3364,114,0,114,3363,0
677,677,0,122,3,3365,122,0,122,3364,0
678,678,0,115,3,3366,122,0,122,3365,0
679,679,0,118,3,3367,115,0,115,3366,0
680,680,0,118,3,3368,119,0,118,3367,0
681,681,0,119,3,3369,118,1,118,3368,0
682,682,0,121,3,3370,119,0,119,3369,0
683,683,0,120,3,3371,121,0,121,3370,0
684,684,0,124,3,3372,121,0,120,3371,0
685,685,0,104,3,3373,124,1,124,3372,0
686,686,0,116,3,3374,104,0,104,3373,0
687,687,0,115,3,3375,116,0,116,3374,0
688,688,0,112,3,3376,115,0,115,3375,0
689,689,0,106,3,3377,112,0,112,3376,0
690,690,0,116,3,3378,106,0,106,3377,0
691,691,0,120,3,3379,116,0,116,3378,0
692,692,0,113,3,3380,120,0,120,3379,0
693,693,0,115,3,3381,113,0,113,3380,0
694,694,0,126,3,3382,115,0,115,3381,0
695,695,0,121,3,3383,126,0,126,3382,0
696,696,0,133,3,3384,121,0,121,3383,0
697,697,0,121,3,3385,133,0,133,3384,0
698,698,0,102,3,3386,121,0,121,3385,0
699,699,0,115,3,3387,102,0,102,3386,0
700,700,0,121,3,3388,115,0,115,3387,0
701,701,0,125,3,3389,121,0,121,3388,0
702,702,0,111,3,3390,125,0,125,3389,0
703,703,0,133,3,3391,111,0,111,3390,0
704,704,0,117,3,3392,133,0,133,3391,0
705,705,0,121,3,3393,117,0,117,3392,0
706,706,0,117,3,3394,121,0,121,3393,0
707,707,0,123,3,3395,118,0,117,3394,0
708,708,0,126,3,3396,123,1,123,3395,0
709,709,0,115,3,3397,126,0,126,3396,0
710,710,0,128,3,3398,114,0,115,3397,0
711,711,0,98,3,3399,128,-1,128,3398,0
712,712,0,116,3,3400,98,0,98,3399,0
713,713,0,131,3,3401,116,0,116,3400,0
714,714,0,118,3,3402,132,0,131,3401,0
715,715,0,118,3,3403,118,1,118,3402,0
716,716,0,126,3,3404,118,0,118,3403,0
717,717,0,116,3,3405,127,0,126,3404,0
718,718,0,116,3,3406,116,1,116,3405,0
719,719,0,118,3,3407,116,0,116,3406,0
720,720,0,116,3,3408,118,0,118,3407,0
721,721,0,115,3,3409,117,0,116,3408,0
722,722,0,130,3,3410,116,1,115,3409,0
723,723,0,105,3,3411,129,1,130,3410,0
724,724,0,128,3,3412,105,-1,105,3411,0
725,725,0,112,3,3413,128,0,128,3412,0
726,726,0,122,3,3414,112,0,112,3413,0
727,727,0,121,3,3415,122,0,122,3414,0
728,728,0,124,3,3416,121,0,121,3415,0
729,729,0,127,3,3417,124,0,124,3416,0
730,730,0,118,3,3418,127,0,127,3417,0
731,731,0,129,3,3419,118,0,118,3418,0
732,732,0,124,3,3420,129,0,129,3419,0
733,733,0,122,3,3421,124,0,124,3420,0
734,734,0,118,3,3422,121,0,122,3421,0
735,735,0,128,3,3423,118,-1,118,3422,0
736,736,0,124,3,3424,128,0,128,3423,0
737,737,0,122,3,3425,124,0,124,3424,0
738,738,0,124,3,3426,122,0,122,3425,0
739,739,0,116,3,3427,124,0,124,3426,0
740,740,0,126,3,3428,116,0,116,3427,0
741,741,0,121,3,3429,126,0,126,3428,0
742,742,0,128,3,3430,121,0,121,3429,0
743,743,0,113,3,3431,128,0,128,3430,0
744,744,0,126,3,3432,113,0,113,3431,0
745,745,0,127,3,3433,126,0,126,3432,0
746,746,0,120,3,3434,127,0,127,3433,0
747,747,0,116,3,3435,120,0,120,3434,0
748,748,0,128,3,3436,116,0,116,3435,0
749,749,0,121,3,3437,128,0,128,3436,0
750,750,0,126,3,3438,121,0,121,3437,0
751,751,0,122,3,3439,126,0,126,3438,0
752,752,0,125,3,3440,122,0,122,3439,0
753,753,0,125,3,3441,124,0,125,3440,0
754,754,0,121,3,3442,126,-1,125,3441,0
755,755,0,123,3,3443,121,1,121,3442,0
756,756,0,122,3,3444,123,0,123,3443,0
757,757,0,122,3,3445,122,0,122,3444,0
758,758,0,127,3,3446,123,0,122,3445,0
759,759,0,120,3,3447,126,1,127,3446,0
760,760,0,125,3,3448,120,-1,120,3447,0
761,761,0,107,3,3449,125,0,125,3448,0
762,762,0,117,3,3450,107,0,107,3449,0
763,763,0,124,3,3451,117,0,117,3450,0
764,764,0,125,3,3452,123,0,124,3451,0
765,765,0,127,3,3453,126,-1,125,3452,0
766,766,0,122,3,3454,127,1,127,3453,0
767,767,0,118,3,3455,122,0,122,3454,0
768,768,0,126,3,3456,118,0,118,3455,0
769,769,0,126,3,3457,126,0,126,3456,0
770,770,0,125,3,3458,126,0,126,3457,0
771,771,0,113,3,3459,126,0,125,3458,0
772,772,0,114,3,3460,113,1,113,3459,0
773,773,0,113,3,3461,115,0,114,3460,0
774,774,0,116,3,3462,113,1,113,3461,0
775,775,0,114,3,3463,117,0,116,3462,0
776,776,0,108,3,3464,114,1,114,3463,0
777,777,0,126,3,3465,108,0,108,3464,0
778,778,0,128,3,3466,126,0,126,3465,0
779,779,0,117,3,3467,129,0,128,3466,0
780,780,0,124,3,3468,116,1,117,3467,0
781,781,0,118,3,3469,124,-1,124,3468,0
782,782,0,110,3,3470,119,0,118,3469,0
783,783,0,113,3,3471,110,1,110,3470,0
784,784,0,127,3,3472,113,0,113,3471,0
785,785,0,118,3,3473,127,0,127,3472,0
786,786,0,121,3,3474,117,0,118,3473,0
787,787,0,125,3,3475,121,-1,121,3474,0
788,788,0,120,3,3476,125,0,125,3475,0
789,789,0,128,3,3477,120,0,120,3476,0
790,790,0,112,3,3478,128,0,128,3477,0
791,791,0,124,3,3479,112,0,112,3478,0
792,792,0,115,3,3480,124,0,124,3479,0
793,793,0,117,3,3481,115,0,115,3480,0
794,794,0,126,3,3482,117,0,117,3481,0
795,795,0,121,3,3483,126,0,126,3482,0
796,796,0,126,3,3484,121,0,121,3483,0
797,797,0,118,3,3485,126,0,126,3484,0
798,798,0,107,3,3486,118,0,118,3485,0
799,799,0,112,3,3487,107,0,107,3486,0
800,800,0,112,3,3488,113,0,112,3487,0
801,801,0,125,3,3489,112,1,112,3488,0
802,802,0,112,3,3490,125,0,125,3489,0
803,803,0,129,3,3491,113,0,112,3490,0
804,804,0,116,3,3492,129,1,129,3491,0
805,805,0,121,3,3493,116,0,116,3492,0
806,806,0,128,3,3494,121,0,121,3493,0
807,807,0,124,3,3495,128,0,128,3494,0
808,808,0,133,3,3496,124,0,124,3495,0
809,809,0,126,3,3497,133,0,133,3496,0
810,810,0,129,3,3498,126,0,126,3497,0
811,811,0,126,3,3499,129,0,129,3498,0
812,812,0,124,3,3500,126,0,126,3499,0
813,813,0,115,3,3501,124,0,124,3500,0
814,814,0,116,3,3502,115,0,115,3501,0
815,815,0,123,3,3503,117,0,116,3502,0
816,816,0,119,3,3504,124,1,123,3503,0
817,817,0,118,3,3505,119,1,119,3504,0
818,818,0,117,3,3506,118,0,118,3505,0
819,819,0,124,3,3507,118,0,117,3506,0
820,820,0,108,3,3508,124,1,124,3507,0
821,821,0,127,3,3509,108,0,108,3508,0
822,822,0,113,3,3510,127,0,127,3509,0
823,823,0,130,3,3511,113,0,113,3510,0
824,824,0,131,3,3512,130,0,130,3511,0
825,825,0,115,3,3513,130,0,131,3512,0
826,826,0,116,3,3514,115,-1,115,3513,0
827,827,0,125,3,3515,116,0,116,3514,0
828,828,0,124,3,3516,125,0,125,3515,0
829,829,0,134,3,3517,125,0,124,3516,0
830,830,0,123,3,3518,134,1,134,3517,0
831,831,0,118,3,3519,123,0,123,3518,0
832,832,0,118,3,3520,118,0,118,3519,0
833,833,0,111,3,3521,118,0,118,3520,0
834,834,0,130,3,3522,111,0,111,3521,0
835,835,0,126,3,3523,131,0,130,3522,0
836,836,0,124,3,3524,127,1,126,3523,0
837,837,0,123,3,3525,125,1,124,3524,0
838,838,0,114,3,3526,123,1,123,3525,0
839,839,0,116,3,3527,114,0,114,3526,0
840,840,0,121,3,3528,116,0,116,3527,0
841,841,0,120,3,3529,121,0,121,3528,0
842,842,0,124,3,3530,120,0,120,3529,0
843,843,0,132,3,3531,124,0,124,3530,0
844,844,0,110,3,3532,132,0,132,3531,0
845,845,0,120,3,3533,110,0,110,3532,0
846,846,0,125,3,3534,120,0,120,3533,0
847,847,0,105,3,3535,125,0,125,3534,0
848,848,0,113,3,3536,105,0,105,3535,0
849,849,0,122,3,3537,113,0,113,3536,0
850,850,0,118,3,3538,122,0,122,3537,0
851,851,0,123,3,3539,118,0,118,3538,0
852,852,0,120,3,3540,124,0,123,3539,0
853,853,0,118,3,3541,120,1,120,3540,0
854,854,0,121,3,3542,118,0,118,3541,0
855,855,0,125,3,3543,121,0,121,3542,0
856,856,0,125,3,3544,125,0,125,3543,0
857,857,0,121,3,3545,125,0,125,3544,0
858,858,0,118,3,3546,121,0,121,3545,0
859,859,0,114,3,3547,119,0,118,3546,0
860,860,0,119,3,3548,114,1,114,3547,0
861,861,0,124,3,3549,119,0,119,3548,0
862,862,0,124,3,3550,124,0,124,3549,0
863,863,0,122,3,3551,124,0,124,3550,0
864,864,0,117,3,3552,122,0,122,3551,0
865,865,0,130,3,3553,117,0,117,3552,0
866,866,0,126,3,3554,130,0,130,3553,0
867,867,0,115,3,3555,126,0,126,3554,0
868,868,0,113,3,3556,115,0,115,3555,0
869,869,0,121,3,3557,113,0,113,3556,0
870,870,0,123,3,3558,121,0,121,3557,0
871,871,0,122,3,3559,123,0,123,3558,0
872,872,0,115,3,3560,122,0,122,3559,0
873,873,0,109,3,3561,115,0,115,3560,0
874,874,0,115,3,3562,109,0,109,3561,0
875,875,0,116,3,3563,115,0,115,3562,0
876,876,0,120,3,3564,116,0,116,3563,0
877,877,0,124,3,3565,121,0,120,3564,0
878,878,0,117,3,3566,125,1,124,3565,0
879,879,0,128,3,3567,118,1,117,3566,0
880,880,0,127,3,3568,128,1,128,3567,0
881,881,0,122,3,3569,127,0,127,3568,0
882,882,0,114,3,3570,122,0,122,3569,0
883,883,0,120,3,3571,113,0,114,3570,0
884,884,0,108,3,3572,120,-1,120,3571,0
885,885,0,105,3,3573,108,0,108,3572,0
886,886,0,110,3,3574,106,0,105,3573,0
887,887,0,116,3,3575,110,1,110,3574,0
888,888,0,117,3,3576,116,0,116,3575,0
889,889,0,114,3,3577,117,0,117,3576,0
890,890,0,121,3,3578,114,0,114,3577,0
891,891,0,123,3,3579,121,0,121,3578,0
892,892,0,124,3,3580,123,0,123,3579,0
893,893,0,116,3,3581,124,0,124,3580,0
894,894,0,121,3,3582,116,0,116,3581,0
895,895,0,112,3,3583,121,0,121,3582,0
896,896,0,111,3,3584,112,0,112,3583,0
897,897,0,118,3,3585,112,0,111,3584,0
898,898,0,115,3,3586,118,1,118,3585,0
899,899,0,107,3,3587,115,0,115,3586,0
900,900,0,111,3,3588,108,0,107,3587,0
901,901,0,124,3,3589,111,1,111,3588,0
902,902,0,121,3,3590,124,0,124,3589,0
903,903,0,117,3,3591,121,0,121,3590,0
904,904,0,108,3,3592,117,0,117,3591,0
905,905,0,120,3,3593,108,0,108,3592,0
906,906,0,128,3,3594,120,0,120,3593,0
907,907,0,111,3,3595,129,0,128,3594,0
908,908,0,112,3,3596,111,1,111,3595,0
909,909,0,125,3,3597,112,0,112,3596,0
910,910,0,125,3,3598,125,0,125,3597,0
911,911,0,120,3,3599,125,0,125,3598,0
912,912,0,116,3,3600,120,0,120,3599,0
913,913,0,106,3,3601,116,0,116,3600,0
914,914,0,120,3,3602,106,0,106,3601,0
915,915,0,113,3,3603,120,0,120,3602,0
916,916,0,120,3,3604,113,0,113,3603,0
917,917,0,119,3,3605,120,0,120,3604,0
918,918,0,118,3,3606,120,0,119,3605,0
919,919,0,120,3,3607,118,1,118,3606,0
920,920,0,111,3,3608,120,0,120,3607,0
921,921,0,119,3,3609,111,0,111,3608,0
922,922,0,111,3,3610,119,0,119,3609,0
923,923,0,120,3,3611,112,0,111,3610,0
924,924,0,113,3,3612,120,1,120,3611,0
925,925,0,115,3,3613,113,0,113,3612,0
926,926,0,109,3,3614,115,0,115,3613,0
927,927,0,124,3,3615,109,0,109,3614,0
928,928,0,112,3,3616,124,0,124,3615,0
929,929,0,119,3,3617,111,0,112,3616,0
930,930,0,119,3,3618,119,-1,119,3617,0
931,931,0,116,3,3619,120,0,119,3618,0
932,932,0,125,3,3620,117,1,116,3619,0
933,933,0,117,3,3621,125,1,125,3620,0
934,934,0,119,3,3622,118,0,117,3621,0
935,935,0,105,3,3623,119,1,119,3622,0
936,936,0,113,3,3624,105,0,105,3623,0
937,937,0,125,3,3625,113,0,113,3624,0
938,938,0,114,3,3626,125,0,125,3625,0
939,939,0,114,3,3627,114,0,114,3626,0
940,940,0,120,3,3628,114,0,114,3627,0
941,941,0,111,3,3629,120,0,120,3628,0
942,942,0,122,3,3630,112,0,111,3629,0
943,943,0,119,3,3631,122,1,122,3630,0
944,944,0,124,3,3632,119,0,119,3631,0
945,945,0,118,3,3633,124,0,124,3632,0
946,946,0,115,3,3634,118,0,118,3633,0
947,947,0,126,3,3635,115,0,115,3634,0
948,948,0,122,3,3636,125,0,126,3635,0
949,949,0,115,3,3637,122,-1,122,3636,0
950,950,0,125,3,3638,115,0,115,3637,0
951,951,0,130,3,3639,125,0,125,3638,0
952,952,0,120,3,3640,130,0,130,3639,0
953,953,0,123,3,3641,120,0,120,3640,0
954,954,0,123,3,3642,123,0,123,3641,0
955,955,0,129,3,3643,123,0,123,3642,0
956,956,0,114,3,3644,129,0,129,3643,0
957,957,0,110,3,3645,114,0,114,3644,0
958,958,0,131,3,3646,110,0,110,3645,0
959,959,0,118,3,3647,131,0,131,3646,0
960,960,0,125,3,3648,117,0,118,3647,0
961,961,0,120,3,3649,125,-1,125,3648,0
962,962,0,112,3,3650,121,0,120,3649,0
963,963,0,125,3,3651,112,1,112,3650,0
964,964,0,108,3,3652,125,0,125,3651,0
965,965,0,120,3,3653,108,0,108,3652,0
966,966,0,117,3,3654,120,0,120,3653,0
967,967,0,112,3,3655,118,0,117,3654,0
968,968,0,119,3,3656,112,1,112,3655,0
969,969,0,118,3,3657,119,0,119,3656,0
970,970,0,116,3,3658,118,0,118,3657,0
971,971,0,107,3,3659,116,0,116,3658,0
972,972,0,118,3,3660,107,0,107,3659,0
973,973,0,121,3,3661,119,0,118,3660,0
974,974,0,121,3,3662,121,1,121,3661,0
975,975,0,125,3,3663,121,0,121,3662,0
976,976,0,116,3,3664,126,0,125,3663,0
977,977,0,102,3,3665,116,1,116,3664,0
978,978,0,118,3,3666,103,0,102,3665,0
979,979,0,125,3,3667,118,1,118,3666,0
980,980,0,118,3,3668,125,0,125,3667,0
981,981,0,114,3,3669,118,0,118,3668,0
982,982,0,118,3,3670,114,0,114,3669,0
983,983,0,121,3,3671,119,0,118,3670,0
984,984,0,112,3,3672,121,1,121,3671,0
985,985,0,117,3,3673,112,0,112,3672,0
986,986,0,115,3,3674,116,0,117,3673,0
987,987,0,122,3,3675,115,-1,115,3674,0
988,988,0,128,3,3676,122,0,122,3675,0
989,989,0,121,3,3677,128,0,128,3676,0
990,990,0,112,3,3678,122,0,121,3677,0
991,991,0,115,3,3679,112,1,112,3678,0
992,992,0,126,3,3680,115,0,115,3679,0
993,993,0,113,3,3681,127,0,126,3680,0
994,994,0,102,3,3682,113,1,113,3681,0
995,995,0,131,3,3683,102,0,102,3682,0
996,996,0,124,3,3684,131,0,131,3683,0
997,997,0,119,3,3685,124,0,124,3684,0
998,998,0,114,3,3686,119,0,119,3685,0
999,999,0,111,3,3687,114,0,114,3686,0
1000,1000,0,115,3,3688,111,0,111,3687,0
1001,1001,0,129,3,3689,115,0,115,3688,0
1002,1002,0,109,3,3690,130,0,129,3689,0
1003,1003,0,118,3,3691,109,1,109,3690,0
1004,1004,0,120,3,3692,118,0,118,3691,0
1005,1005,0,108,3,3693,120,0,120,3692,0
1006,1006,0,121,3,3694,108,0,108,3693,0
1007,1007,0,111,3,3695,121,0,121,3694,0
1008,1008,0,110,3,3696,111,0,111,3695,0
1009,1009,0,118,3,3697,110,0,110,3696,0
1010,1010,0,113,3,3698,118,0,118,3697,0
1011,1011,0,126,3,3699,113,0,113,3698,0
1012,1012,0,119,3,3700,125,0,126,3699,0
1013,1013,0,122,3,3701,119,-1,119,3700,0
1014,1014,0,120,3,3702,122,0,122,3701,0
1015,1015,0,115,3,3703,120,0,120,3702,0
1016,1016,0,120,3,3704,114,0,115,3703,0
1017,1017,0,125,3,3705,121,-1,120,3704,0
1018,1018,0,118,3,3706,125,1,125,3705,0
1019,1019,0,121,3,3707,118,0,118,3706,0
1020,1020,0,122,3,3708,121,0,121,3707,0
1021,1021,0,116,3,3709,122,0,122,3708,0
1022,1022,0,118,3,3710,116,0,116,3709,0
1023,1023,0,124,3,3711,118,0,118,3710,0
